yahoo_ticker,reason
AAXN,all_missing_prices
ABB,all_missing_prices
ABC,all_missing_prices
ABK,all_missing_prices
ABMD,all_missing_prices
AC,all_missing_prices
ACE,all_missing_prices
ACL,all_missing_prices
ADEN,all_missing_prices
ADS,all_missing_prices
ADYEN,all_missing_prices
AET,all_missing_prices
AGN,all_missing_prices
AGU,all_missing_prices
AHC,all_missing_prices
ALEX,all_missing_prices
ALTR,all_missing_prices
ALVG,all_missing_prices
ALXN,all_missing_prices
ANDX,all_missing_prices
ANSS,all_missing_prices
ANTM,all_missing_prices
ANW,all_missing_prices
AOL,all_missing_prices
APOL,all_missing_prices
ARC,all_missing_prices
ARG,all_missing_prices
ARO,all_missing_prices
ARYN,all_missing_prices
ASBC,all_missing_prices
AT,all_missing_prices
ATMI,all_missing_prices
ATPG,all_missing_prices
ATVI,all_missing_prices
ATYT,all_missing_prices
AVP,all_missing_prices
AXE,all_missing_prices
AYE,all_missing_prices
BACPS,all_missing_prices
BAES,all_missing_prices
BASFN,all_missing_prices
BAWG,all_missing_prices
BAYGN,all_missing_prices
BCR,all_missing_prices
BDK,all_missing_prices
BEAS,all_missing_prices
BEAV,all_missing_prices
BERY,all_missing_prices
BF,all_missing_prices
BFB,all_missing_prices
BGG,all_missing_prices
BHI,all_missing_prices
BID,all_missing_prices
BJS,all_missing_prices
BKI,all_missing_prices
BLL,all_missing_prices
BLS,all_missing_prices
BMC,all_missing_prices
BMET,all_missing_prices
BNI,all_missing_prices
BNK,all_missing_prices
BNPP,all_missing_prices
BRCM,all_missing_prices
BRG,all_missing_prices
BRGYY,all_missing_prices
BRK,all_missing_prices
BRS,all_missing_prices
BSC,all_missing_prices
BSP,all_missing_prices
BT,all_missing_prices
CAB,all_missing_prices
CBD,all_missing_prices
CBG,all_missing_prices
CBS,all_missing_prices
CELG,all_missing_prices
CEPH,all_missing_prices
CERN,all_missing_prices
CFN,all_missing_prices
CHK,all_missing_prices
CHL,all_missing_prices
CHSI,all_missing_prices
CHTT,all_missing_prices
CIT,all_missing_prices
CKFR,all_missing_prices
CLI,all_missing_prices
CLNY,all_missing_prices
CLR,all_missing_prices
CMA,all_missing_prices
CMCSK,all_missing_prices
COG,all_missing_prices
COH,all_missing_prices
COL,all_missing_prices
CONN,all_missing_prices
COV,all_missing_prices
CPGX,all_missing_prices
CREE,all_missing_prices
CSC,all_missing_prices
CSTR,all_missing_prices
CSU,all_missing_prices
CTCT,all_missing_prices
CTL,all_missing_prices
CTRX,all_missing_prices
CTXS,all_missing_prices
CVC,all_missing_prices
CVD,all_missing_prices
CY,all_missing_prices
DA,all_missing_prices
DAIGN,all_missing_prices
DANO,all_missing_prices
DATA,all_missing_prices
DF,all_missing_prices
DFS,all_missing_prices
DISCA,all_missing_prices
DISCK,all_missing_prices
DISH,all_missing_prices
DNR,all_missing_prices
DO,all_missing_prices
DPS,all_missing_prices
DPTR,all_missing_prices
DRE,all_missing_prices
DRQ,all_missing_prices
DRYS,all_missing_prices
DST,all_missing_prices
DTEGN,all_missing_prices
DTV,all_missing_prices
DWDP,all_missing_prices
EAGGQ,all_missing_prices
EBIX,all_missing_prices
ECA,all_missing_prices
EDS,all_missing_prices
EGN,all_missing_prices
EGOV,all_missing_prices
ELN,all_missing_prices
EMG,all_missing_prices
ENDP,all_missing_prices
ENEI,all_missing_prices
ENGIE,all_missing_prices
ENH,all_missing_prices
EPIQ,all_missing_prices
EPKKY,all_missing_prices
ERTS,all_missing_prices
ESRX,all_missing_prices
ESV,all_missing_prices
ETFC,all_missing_prices
EXAS,all_missing_prices
EXH,all_missing_prices
FBF,all_missing_prices
FBHS,all_missing_prices
FD,all_missing_prices
FDC,all_missing_prices
FDO,all_missing_prices
FEIC,all_missing_prices
FFH,all_missing_prices
FI,all_missing_prices
FL,all_missing_prices
FLIR,all_missing_prices
FLT,all_missing_prices
FNGN,all_missing_prices
FPL,all_missing_prices
FRC,all_missing_prices
FRX,all_missing_prices
FSL,all_missing_prices
FST,all_missing_prices
FTO,all_missing_prices
FTR,all_missing_prices
FULL,all_missing_prices
GCI,all_missing_prices
GDI,all_missing_prices
GIBA,all_missing_prices
GIFI,all_missing_prices
GLEN,all_missing_prices
GLT,all_missing_prices
GMCR,all_missing_prices
GMST,all_missing_prices
GMT,all_missing_prices
GNA,all_missing_prices
GPS,all_missing_prices
GSF,all_missing_prices
GSTL,all_missing_prices
GWR,all_missing_prices
GXP,all_missing_prices
HAR,all_missing_prices
HARP,all_missing_prices
HBHC,all_missing_prices
HBI,all_missing_prices
HCBK,all_missing_prices
HCN,all_missing_prices
HCP,all_missing_prices
HEIN,all_missing_prices
HES,all_missing_prices
HFC,all_missing_prices
HHC,all_missing_prices
HI,all_missing_prices
HIBB,all_missing_prices
HK,all_missing_prices
HNKG,all_missing_prices
HNZ,all_missing_prices
HOLX,all_missing_prices
HOT,all_missing_prices
HRS,all_missing_prices
HSBA,all_missing_prices
HSP,all_missing_prices
HZNP,all_missing_prices
IAB,all_missing_prices
IACI,all_missing_prices
IGT,all_missing_prices
IMB,all_missing_prices
IO,all_missing_prices
IPG,all_missing_prices
ITC,all_missing_prices
ITV,all_missing_prices
IVGN,all_missing_prices
IVX,all_missing_prices
JAH,all_missing_prices
JBT,all_missing_prices
JCP,all_missing_prices
JEC,all_missing_prices
JNC,all_missing_prices
JNPR,all_missing_prices
JOSB,all_missing_prices
JP,all_missing_prices
JPJQL,all_missing_prices
JW,all_missing_prices
JWN,all_missing_prices
K,all_missing_prices
KAR,all_missing_prices
KFT,all_missing_prices
KMG,all_missing_prices
KMP,all_missing_prices
KRB,all_missing_prices
KSU,all_missing_prices
LCAPA,all_missing_prices
LEH,all_missing_prices
LFL,all_missing_prices
LGF,all_missing_prices
LINI,all_missing_prices
LINTA,all_missing_prices
LKQX,all_missing_prices
LLL,all_missing_prices
LLTC,all_missing_prices
LM,all_missing_prices
LO,all_missing_prices
LTD,all_missing_prices
LVMH,all_missing_prices
LXK,all_missing_prices
LYO,all_missing_prices
MBT,all_missing_prices
MCBP,all_missing_prices
MDC,all_missing_prices
MDP,all_missing_prices
MDR,all_missing_prices
MDVN,all_missing_prices
MEL,all_missing_prices
MHX,all_missing_prices
MIK,all_missing_prices
MJN,all_missing_prices
MMC,all_missing_prices
MNK,all_missing_prices
MOGN,all_missing_prices
MON,all_missing_prices
MOT,all_missing_prices
MRC,all_missing_prices
MRO,all_missing_prices
MRR,all_missing_prices
MSCC,all_missing_prices
MTSC,all_missing_prices
MUS,all_missing_prices
MUVGN,all_missing_prices
MVSN,all_missing_prices
MW,all_missing_prices
MWD,all_missing_prices
MWV,all_missing_prices
MXIM,all_missing_prices
MYL,all_missing_prices
MYLNP,all_missing_prices
NATI,all_missing_prices
NAV,all_missing_prices
NBL,all_missing_prices
NCR,all_missing_prices
NESN,all_missing_prices
NFB,all_missing_prices
NIHD,all_missing_prices
NLSN,all_missing_prices
NOVN,all_missing_prices
NOVOB,all_missing_prices
NSM,all_missing_prices
NTRI,all_missing_prices
NUAN,all_missing_prices
NVLS,all_missing_prices
NXTL,all_missing_prices
NYX,all_missing_prices
OAS,all_missing_prices
OCR,all_missing_prices
ONE,all_missing_prices
OTRKB,all_missing_prices
OZRK,all_missing_prices
PCP,all_missing_prices
PDCE,all_missing_prices
PDCO,all_missing_prices
PERP,all_missing_prices
PETM,all_missing_prices
PF,all_missing_prices
PGN,all_missing_prices
PHA,all_missing_prices
PHIIK,all_missing_prices
PKI,all_missing_prices
PLL,all_missing_prices
POSS,all_missing_prices
POT,all_missing_prices
PPDI,all_missing_prices
PRY,all_missing_prices
PSCDQ,all_missing_prices
PSON,all_missing_prices
PSTG,all_missing_prices
PTLA,all_missing_prices
PTR,all_missing_prices
PVT,all_missing_prices
PX,all_missing_prices
PXD,all_missing_prices
QCOR,all_missing_prices
QVCA,all_missing_prices
RAD,all_missing_prices
RADI,all_missing_prices
RAI,all_missing_prices
RAX,all_missing_prices
RBK,all_missing_prices
RDSA,all_missing_prices
RE,all_missing_prices
RELIQ,all_missing_prices
RENA,all_missing_prices
RHKG,all_missing_prices
RIMM,all_missing_prices
RP,all_missing_prices
RT,all_missing_prices
RTN,all_missing_prices
RTP,all_missing_prices
SAFC,all_missing_prices
SAI,all_missing_prices
SAPG,all_missing_prices
SAVE,all_missing_prices
SCHN,all_missing_prices
SCMN,all_missing_prices
SEE,all_missing_prices
SEPR,all_missing_prices
SGEF,all_missing_prices
SHPG,all_missing_prices
SHPGY,all_missing_prices
SIAL,all_missing_prices
SIEGN,all_missing_prices
SIVB,all_missing_prices
SLXP,all_missing_prices
SMS,all_missing_prices
SNP,all_missing_prices
SOLN,all_missing_prices
SOTR,all_missing_prices
SQ,all_missing_prices
SRCL,all_missing_prices
SSE,all_missing_prices
SSFT,all_missing_prices
SSNHY,all_missing_prices
STA,all_missing_prices
STJ,all_missing_prices
STMP,all_missing_prices
STR,all_missing_prices
SVU,all_missing_prices
SWN,all_missing_prices
SWY,all_missing_prices
SYMC,all_missing_prices
SYT,all_missing_prices
TASR,all_missing_prices
TATE,all_missing_prices
TCK,all_missing_prices
TEF,all_missing_prices
TGI,all_missing_prices
THOR,all_missing_prices
TIF,all_missing_prices
TLLP,all_missing_prices
TOTF,all_missing_prices
TRA,all_missing_prices
TRB,all_missing_prices
TRQ,all_missing_prices
TRTN,all_missing_prices
TRW,all_missing_prices
TSO,all_missing_prices
TTEF,all_missing_prices
TTM,all_missing_prices
TUP,all_missing_prices
TWC,all_missing_prices
TWOU,all_missing_prices
TWTR,all_missing_prices
TWX,all_missing_prices
TXU,all_missing_prices
TYC,all_missing_prices
UARM,all_missing_prices
UBNT,all_missing_prices
UMPQ,all_missing_prices
UN,all_missing_prices
UPL,all_missing_prices
USDF,all_missing_prices
UTX,all_missing_prices
VALEP,all_missing_prices
VAR,all_missing_prices
VE,all_missing_prices
VIAB,all_missing_prices
VMW,all_missing_prices
VRX,all_missing_prices
VWR,all_missing_prices
WAG,all_missing_prices
WBA,all_missing_prices
WBC,all_missing_prices
WBST,all_missing_prices
WFM,all_missing_prices
WFMI,all_missing_prices
WFT,all_missing_prices
WIN,all_missing_prices
WLL,all_missing_prices
WLP,all_missing_prices
WPPGY,all_missing_prices
WPX,all_missing_prices
WWAV,all_missing_prices
WWY,all_missing_prices
WWYWB,all_missing_prices
WYE,all_missing_prices
X,all_missing_prices
XEC,all_missing_prices
XL,all_missing_prices
XLNX,all_missing_prices
XMSR,all_missing_prices
XTO,all_missing_prices
Y,all_missing_prices
YHOO,all_missing_prices
ZI,all_missing_prices
ZMH,all_missing_prices
ZURN,all_missing_prices
