yahoo_ticker,sector,industry,quote_type,sector_source
A,Healthcare,Diagnostics & Research,EQUITY,yfinance_info
AA,Basic Materials,Aluminum,EQUITY,yfinance_info
AAL,Industrials,Airlines,EQUITY,yfinance_info
AAP,Consumer Cyclical,Auto Parts,EQUITY,yfinance_info
AAPL,Technology,Consumer Electronics,EQUITY,yfinance_info
AAXN,,,NONE,no_sector_in_info
AB,Financial Services,Asset Management,EQUITY,yfinance_info
ABB,,,NONE,no_sector_in_info
ABBV,Healthcare,Drug Manufacturers - General,EQUITY,yfinance_info
ABC,,,NONE,no_sector_in_info
ABEV,Consumer Defensive,Beverages - Brewers,EQUITY,yfinance_info
ABG,Consumer Cyclical,Auto & Truck Dealerships,EQUITY,yfinance_info
ABH,,,MUTUALFUND,no_sector_in_info
ABI,,,ETF,no_sector_in_info
ABK,,,MUTUALFUND,no_sector_in_info
ABMD,,,NONE,no_sector_in_info
ABNB,Consumer Cyclical,Travel Services,EQUITY,yfinance_info
ABT,Healthcare,Medical Devices,EQUITY,yfinance_info
ABX,Financial Services,Insurance - Life,EQUITY,yfinance_info
AC,,,,no_sector_in_info
ACE,,,MUTUALFUND,no_sector_in_info
ACGL,Financial Services,Insurance - Diversified,EQUITY,yfinance_info
ACI,Consumer Defensive,Grocery Stores,EQUITY,yfinance_info
ACL,,,MUTUALFUND,no_sector_in_info
ACN,Technology,Information Technology Services,EQUITY,yfinance_info
ADBE,Technology,Software - Application,EQUITY,yfinance_info
ADEN,,,MUTUALFUND,no_sector_in_info
ADI,Technology,Semiconductors,EQUITY,yfinance_info
ADM,Consumer Defensive,Farm Products,EQUITY,yfinance_info
ADP,Technology,Software - Application,EQUITY,yfinance_info
ADS,,,NONE,no_sector_in_info
ADSK,Technology,Software - Application,EQUITY,yfinance_info
ADYEN,,,,no_sector_in_info
AEE,Utilities,Utilities - Regulated Electric,EQUITY,yfinance_info
AEH,,,ETF,no_sector_in_info
AEM,Basic Materials,Gold,EQUITY,yfinance_info
AEP,Utilities,Utilities - Regulated Electric,EQUITY,yfinance_info
AES,Utilities,Utilities - Diversified,EQUITY,yfinance_info
AET,,,MUTUALFUND,no_sector_in_info
AEV,,,ECNQUOTE,no_sector_in_info
AFG,Financial Services,Insurance - Property & Casualty,EQUITY,yfinance_info
AFL,Financial Services,Insurance - Life,EQUITY,yfinance_info
AGCO,Industrials,Farm & Heavy Construction Machinery,EQUITY,yfinance_info
AGN,,,NONE,no_sector_in_info
AGU,,,MUTUALFUND,no_sector_in_info
AGY,,,MUTUALFUND,no_sector_in_info
AHC,,,NONE,no_sector_in_info
AIG,Financial Services,Insurance - Diversified,EQUITY,yfinance_info
AIR,Industrials,Aerospace & Defense,EQUITY,yfinance_info
AIZ,Financial Services,Insurance - Property & Casualty,EQUITY,yfinance_info
AJG,Financial Services,Insurance Brokers,EQUITY,yfinance_info
AKAM,Technology,Software - Infrastructure,EQUITY,yfinance_info
ALB,Basic Materials,Specialty Chemicals,EQUITY,yfinance_info
ALEX,,,,no_sector_in_info
ALGN,Healthcare,Medical Instruments & Supplies,EQUITY,yfinance_info
ALK,Industrials,Airlines,EQUITY,yfinance_info
ALL,Financial Services,Insurance - Property & Casualty,EQUITY,yfinance_info
ALLY,Financial Services,Credit Services,EQUITY,yfinance_info
ALRM,Technology,Software - Application,EQUITY,yfinance_info
ALTR,,,NONE,no_sector_in_info
ALV,Consumer Cyclical,Auto Parts,EQUITY,yfinance_info
ALVG,,,,no_sector_in_info
ALXN,,,NONE,no_sector_in_info
AMAT,Technology,Semiconductor Equipment & Materials,EQUITY,yfinance_info
AMD,Technology,Semiconductors,EQUITY,yfinance_info
AME,Industrials,Specialty Industrial Machinery,EQUITY,yfinance_info
AMG,Financial Services,Asset Management,EQUITY,yfinance_info
AMGN,Healthcare,Drug Manufacturers - General,EQUITY,yfinance_info
AMH,Real Estate,REIT - Residential,EQUITY,yfinance_info
AMJ,,,ETF,no_sector_in_info
AMJB,,,ETF,no_sector_in_info
AMN,Healthcare,Medical Care Facilities,EQUITY,yfinance_info
AMP,Financial Services,Asset Management,EQUITY,yfinance_info
AMT,Real Estate,REIT - Specialty,EQUITY,yfinance_info
AMTD,Financial Services,Asset Management,EQUITY,yfinance_info
AMX,Communication Services,Telecom Services,EQUITY,yfinance_info
AMZN,Consumer Cyclical,Internet Retail,EQUITY,yfinance_info
ANDX,,,NONE,no_sector_in_info
ANF,Consumer Cyclical,Apparel Retail,EQUITY,yfinance_info
ANSS,,,,no_sector_in_info
ANTM,,,NONE,no_sector_in_info
ANTX,Healthcare,Biotechnology,EQUITY,yfinance_info
ANW,,,MUTUALFUND,no_sector_in_info
AOL,,,MUTUALFUND,no_sector_in_info
AON,Financial Services,Insurance Brokers,EQUITY,yfinance_info
APA,Energy,Oil & Gas E&P,EQUITY,yfinance_info
APC,Energy,Oil & Gas Refining & Marketing,EQUITY,yfinance_info
APD,Basic Materials,Specialty Chemicals,EQUITY,yfinance_info
APH,Technology,Electronic Components,EQUITY,yfinance_info
APO,Financial Services,Asset Management,EQUITY,yfinance_info
APOL,,,MUTUALFUND,no_sector_in_info
AR,Energy,Oil & Gas E&P,EQUITY,yfinance_info
ARC,,,NONE,no_sector_in_info
ARG,,,MUTUALFUND,no_sector_in_info
ARI,Real Estate,REIT - Mortgage,EQUITY,yfinance_info
ARMH,,,ETF,no_sector_in_info
ARO,,,MUTUALFUND,no_sector_in_info
ARW,Technology,Electronics & Computer Distribution,EQUITY,yfinance_info
ARYN,,,,no_sector_in_info
ASBC,,,MUTUALFUND,no_sector_in_info
ASD,,,ETF,no_sector_in_info
ASH,Basic Materials,Specialty Chemicals,EQUITY,yfinance_info
ASML,Technology,Semiconductor Equipment & Materials,EQUITY,yfinance_info
ASO,Consumer Cyclical,Specialty Retail,EQUITY,yfinance_info
AT,,,NONE,no_sector_in_info
ATI,Industrials,Metal Fabrication,EQUITY,yfinance_info
ATMI,,,MUTUALFUND,no_sector_in_info
ATO,Utilities,Utilities - Regulated Gas,EQUITY,yfinance_info
ATPG,,,MUTUALFUND,no_sector_in_info
ATVI,,,NONE,no_sector_in_info
ATYT,,,MUTUALFUND,no_sector_in_info
AU,Basic Materials,Gold,EQUITY,yfinance_info
AVA,Utilities,Utilities - Diversified,EQUITY,yfinance_info
AVGO,Technology,Semiconductors,EQUITY,yfinance_info
AVP,,,NONE,no_sector_in_info
AVT,Technology,Electronics & Computer Distribution,EQUITY,yfinance_info
AVY,Consumer Cyclical,Packaging & Containers,EQUITY,yfinance_info
AWK,Utilities,Utilities - Regulated Water,EQUITY,yfinance_info
AXE,,,NONE,no_sector_in_info
AXP,Financial Services,Credit Services,EQUITY,yfinance_info
AXS,Financial Services,Insurance - Specialty,EQUITY,yfinance_info
AYE,,,MUTUALFUND,no_sector_in_info
AYI,Industrials,Electrical Equipment & Parts,EQUITY,yfinance_info
AZN,Healthcare,Drug Manufacturers - General,EQUITY,yfinance_info
AZO,Consumer Cyclical,Auto Parts,EQUITY,yfinance_info
BA,Industrials,Aerospace & Defense,EQUITY,yfinance_info
BABA,Consumer Cyclical,Internet Retail,EQUITY,yfinance_info
BAC,Financial Services,Banks - Diversified,EQUITY,yfinance_info
BACPS,,,,no_sector_in_info
BAES,,,,no_sector_in_info
BAM,Financial Services,Asset Management,EQUITY,yfinance_info
BASFN,,,,no_sector_in_info
BAWG,,,,no_sector_in_info
BAX,Healthcare,Medical Instruments & Supplies,EQUITY,yfinance_info
BAYGN,,,,no_sector_in_info
BB,Technology,Software - Infrastructure,EQUITY,yfinance_info
BBBY,,,EQUITY,no_sector_in_info
BBD,Financial Services,Banks - Regional,EQUITY,yfinance_info
BBT,Financial Services,Banks - Regional,EQUITY,yfinance_info
BBY,Consumer Cyclical,Specialty Retail,EQUITY,yfinance_info
BCC,Basic Materials,Lumber & Wood Production,EQUITY,yfinance_info
BCE,Communication Services,Telecom Services,EQUITY,yfinance_info
BCR,,,MUTUALFUND,no_sector_in_info
BCS,Financial Services,Banks - Diversified,EQUITY,yfinance_info
BDK,,,MUTUALFUND,no_sector_in_info
BDX,Healthcare,Medical Instruments & Supplies,EQUITY,yfinance_info
BEAS,,,MUTUALFUND,no_sector_in_info
BEAV,,,MUTUALFUND,no_sector_in_info
BEN,Financial Services,Asset Management,EQUITY,yfinance_info
BERY,,,NONE,no_sector_in_info
BEZ,,,ETF,no_sector_in_info
BF,,,MUTUALFUND,no_sector_in_info
BFB,,,NONE,no_sector_in_info
BG,Consumer Defensive,Farm Products,EQUITY,yfinance_info
BGG,,,NONE,no_sector_in_info
BHI,,,MUTUALFUND,no_sector_in_info
BHP,Basic Materials,Other Industrial Metals & Mining,EQUITY,yfinance_info
BID,,,NONE,no_sector_in_info
BIDD,,,ETF,no_sector_in_info
BIDU,Communication Services,Internet Content & Information,EQUITY,yfinance_info
BIIB,Healthcare,Drug Manufacturers - General,EQUITY,yfinance_info
BJS,,,MUTUALFUND,no_sector_in_info
BK,Financial Services,Banks - Diversified,EQUITY,yfinance_info
BKE,Consumer Cyclical,Apparel Retail,EQUITY,yfinance_info
BKI,,,NONE,no_sector_in_info
BKNG,Consumer Cyclical,Travel Services,EQUITY,yfinance_info
BKR,Energy,Oil & Gas Equipment & Services,EQUITY,yfinance_info
BLDR,Industrials,Building Products & Equipment,EQUITY,yfinance_info
BLK,Financial Services,Asset Management,EQUITY,yfinance_info
BLL,,,NONE,no_sector_in_info
BLS,,,MUTUALFUND,no_sector_in_info
BMC,,,MUTUALFUND,no_sector_in_info
BMDL,,,ETF,no_sector_in_info
BMET,,,MUTUALFUND,no_sector_in_info
BMY,Healthcare,Drug Manufacturers - General,EQUITY,yfinance_info
BN,Financial Services,Asset Management,EQUITY,yfinance_info
BNI,,,MUTUALFUND,no_sector_in_info
BNK,,,MUTUALFUND,no_sector_in_info
BNPP,,,,no_sector_in_info
BP,Energy,Oil & Gas Integrated,EQUITY,yfinance_info
BR,Technology,Information Technology Services,EQUITY,yfinance_info
BRCM,,,MUTUALFUND,no_sector_in_info
BRG,,,NONE,no_sector_in_info
BRGYY,,,MUTUALFUND,no_sector_in_info
BRK,,,MUTUALFUND,no_sector_in_info
BRO,Financial Services,Insurance Brokers,EQUITY,yfinance_info
BRS,,,NONE,no_sector_in_info
BSBR,Financial Services,Banks - Regional,EQUITY,yfinance_info
BSC,,,MUTUALFUND,no_sector_in_info
BSP,,,MUTUALFUND,no_sector_in_info
BSX,Healthcare,Medical Devices,EQUITY,yfinance_info
BT,,,NONE,no_sector_in_info
BTI,Consumer Defensive,Tobacco,EQUITY,yfinance_info
BTU,Energy,Thermal Coal,EQUITY,yfinance_info
BUD,Consumer Defensive,Beverages - Brewers,EQUITY,yfinance_info
BWA,Consumer Cyclical,Auto Parts,EQUITY,yfinance_info
BX,Financial Services,Asset Management,EQUITY,yfinance_info
BXP,Real Estate,REIT - Office,EQUITY,yfinance_info
C,Financial Services,Banks - Diversified,EQUITY,yfinance_info
CA,,,EQUITY,no_sector_in_info
CAB,,,MUTUALFUND,no_sector_in_info
CACC,Financial Services,Credit Services,EQUITY,yfinance_info
CACI,Technology,Information Technology Services,EQUITY,yfinance_info
CAG,Consumer Defensive,Packaged Foods,EQUITY,yfinance_info
CAH,Healthcare,Medical Distribution,EQUITY,yfinance_info
CAL,Consumer Cyclical,Apparel Retail,EQUITY,yfinance_info
CAM,,,ETF,no_sector_in_info
CAT,Industrials,Farm & Heavy Construction Machinery,EQUITY,yfinance_info
CB,Financial Services,Insurance - Property & Casualty,EQUITY,yfinance_info
CBD,,,NONE,no_sector_in_info
CBG,,,MUTUALFUND,no_sector_in_info
CBI,,,MUTUALFUND,no_sector_in_info
CBL,Real Estate,REIT - Retail,EQUITY,yfinance_info
CBS,,,NONE,no_sector_in_info
CBSH,Financial Services,Banks - Regional,EQUITY,yfinance_info
CCI,Real Estate,REIT - Specialty,EQUITY,yfinance_info
CCJ,Energy,Uranium,EQUITY,yfinance_info
CCL,Consumer Cyclical,Travel Services,EQUITY,yfinance_info
CCU,Consumer Defensive,Beverages - Brewers,EQUITY,yfinance_info
CD,Financial Services,Capital Markets,EQUITY,yfinance_info
CDNS,Technology,Software - Application,EQUITY,yfinance_info
CE,Basic Materials,Chemicals,EQUITY,yfinance_info
CELG,,,NONE,no_sector_in_info
CEPH,,,MUTUALFUND,no_sector_in_info
CERN,,,NONE,no_sector_in_info
CF,Basic Materials,Agricultural Inputs,EQUITY,yfinance_info
CFC,,,MUTUALFUND,no_sector_in_info
CFN,,,MUTUALFUND,no_sector_in_info
CFR,Financial Services,Banks - Regional,EQUITY,yfinance_info
CGNX,Technology,Scientific & Technical Instruments,EQUITY,yfinance_info
CHD,Consumer Defensive,Household & Personal Products,EQUITY,yfinance_info
CHE,Healthcare,Medical Care Facilities,EQUITY,yfinance_info
CHEF,Consumer Defensive,Food Distribution,EQUITY,yfinance_info
CHK,,,NONE,no_sector_in_info
CHL,,,NONE,no_sector_in_info
CHRW,Industrials,Integrated Freight & Logistics,EQUITY,yfinance_info
CHSI,,,ECNQUOTE,no_sector_in_info
CHTR,Communication Services,Telecom Services,EQUITY,yfinance_info
CHTT,,,MUTUALFUND,no_sector_in_info
CI,Healthcare,Healthcare Plans,EQUITY,yfinance_info
CINF,Financial Services,Insurance - Property & Casualty,EQUITY,yfinance_info
CIT,,,NONE,no_sector_in_info
CKFR,,,MUTUALFUND,no_sector_in_info
CL,Consumer Defensive,Household & Personal Products,EQUITY,yfinance_info
CLB,Energy,Oil & Gas Equipment & Services,EQUITY,yfinance_info
CLF,Basic Materials,Steel,EQUITY,yfinance_info
CLI,,,NONE,no_sector_in_info
CLNY,,,NONE,no_sector_in_info
CLR,,,NONE,no_sector_in_info
CLX,Consumer Defensive,Household & Personal Products,EQUITY,yfinance_info
CMA,,,,no_sector_in_info
CMCSA,Communication Services,Telecom Services,EQUITY,yfinance_info
CMCSK,,,MUTUALFUND,no_sector_in_info
CME,Financial Services,Financial Data & Stock Exchanges,EQUITY,yfinance_info
CMG,Consumer Cyclical,Restaurants,EQUITY,yfinance_info
CMI,Industrials,Specialty Industrial Machinery,EQUITY,yfinance_info
CMS,Utilities,Utilities - Regulated Electric,EQUITY,yfinance_info
CMVT,,,MUTUALFUND,no_sector_in_info
CNC,Healthcare,Healthcare Plans,EQUITY,yfinance_info
CNH,Industrials,Farm & Heavy Construction Machinery,EQUITY,yfinance_info
CNI,Industrials,Railroads,EQUITY,yfinance_info
CNQ,Energy,Oil & Gas E&P,EQUITY,yfinance_info
CNX,Energy,Oil & Gas E&P,EQUITY,yfinance_info
COF,Financial Services,Credit Services,EQUITY,yfinance_info
COG,,,NONE,no_sector_in_info
COH,,,MUTUALFUND,no_sector_in_info
COL,,,MUTUALFUND,no_sector_in_info
CONN,,,,no_sector_in_info
COP,Energy,Oil & Gas E&P,EQUITY,yfinance_info
COST,Consumer Defensive,Discount Stores,EQUITY,yfinance_info
COV,,,MUTUALFUND,no_sector_in_info
CP,Industrials,Railroads,EQUITY,yfinance_info
CPA,Industrials,Airlines,EQUITY,yfinance_info
CPGX,,,MUTUALFUND,no_sector_in_info
CPO,,,MUTUALFUND,no_sector_in_info
CPS,Consumer Cyclical,Auto Parts,EQUITY,yfinance_info
CRBG,Financial Services,Asset Management,EQUITY,yfinance_info
CREE,,,NONE,no_sector_in_info
CRH,Basic Materials,Building Materials,EQUITY,yfinance_info
CRI,Consumer Cyclical,Apparel Retail,EQUITY,yfinance_info
CRL,Healthcare,Diagnostics & Research,EQUITY,yfinance_info
CRM,Technology,Software - Application,EQUITY,yfinance_info
CRUS,Technology,Semiconductors,EQUITY,yfinance_info
CSA,,,ETF,no_sector_in_info
CSC,,,MUTUALFUND,no_sector_in_info
CSCO,Technology,Communication Equipment,EQUITY,yfinance_info
CSL,Industrials,Building Products & Equipment,EQUITY,yfinance_info
CSTE,Industrials,Building Products & Equipment,EQUITY,yfinance_info
CSTR,,,NONE,no_sector_in_info
CSU,,,NONE,no_sector_in_info
CSX,Industrials,Railroads,EQUITY,yfinance_info
CTAS,Industrials,Specialty Business Services,EQUITY,yfinance_info
CTCT,,,MUTUALFUND,no_sector_in_info
CTL,,,NONE,no_sector_in_info
CTRA,Energy,Oil & Gas E&P,EQUITY,yfinance_info
CTRX,,,MUTUALFUND,no_sector_in_info
CTSH,Technology,Information Technology Services,EQUITY,yfinance_info
CTXS,,,NONE,no_sector_in_info
CUM,,,MUTUALFUND,no_sector_in_info
CVC,,,MUTUALFUND,no_sector_in_info
CVD,,,MUTUALFUND,no_sector_in_info
CVE,Energy,Oil & Gas Integrated,EQUITY,yfinance_info
CVS,Healthcare,Healthcare Plans,EQUITY,yfinance_info
CVX,Energy,Oil & Gas Integrated,EQUITY,yfinance_info
CY,,,NONE,no_sector_in_info
CYH,Healthcare,Medical Care Facilities,EQUITY,yfinance_info
CZR,Consumer Cyclical,Resorts & Casinos,EQUITY,yfinance_info
D,Utilities,Utilities - Regulated Electric,EQUITY,yfinance_info
DA,,,MUTUALFUND,no_sector_in_info
DAIGN,,,,no_sector_in_info
DAL,Industrials,Airlines,EQUITY,yfinance_info
DANO,,,,no_sector_in_info
DASH,Consumer Cyclical,Internet Retail,EQUITY,yfinance_info
DATA,,,NONE,no_sector_in_info
DCI,Industrials,Specialty Industrial Machinery,EQUITY,yfinance_info
DD,Basic Materials,Specialty Chemicals,EQUITY,yfinance_info
DDD,Technology,Computer Hardware,EQUITY,yfinance_info
DDOG,Technology,Software - Application,EQUITY,yfinance_info
DE,Industrials,Farm & Heavy Construction Machinery,EQUITY,yfinance_info
DECK,Consumer Cyclical,Footwear & Accessories,EQUITY,yfinance_info
DELL,Technology,Computer Hardware,EQUITY,yfinance_info
DEO,Consumer Defensive,Beverages - Wineries & Distilleries,EQUITY,yfinance_info
DF,,,NONE,no_sector_in_info
DFS,,,NONE,no_sector_in_info
DG,Consumer Defensive,Discount Stores,EQUITY,yfinance_info
DGE,,,MUTUALFUND,no_sector_in_info
DGL,,,ETF,no_sector_in_info
DGX,Healthcare,Diagnostics & Research,EQUITY,yfinance_info
DHI,Consumer Cyclical,Residential Construction,EQUITY,yfinance_info
DHR,Healthcare,Diagnostics & Research,EQUITY,yfinance_info
DIS,Communication Services,Entertainment,EQUITY,yfinance_info
DISCA,,,NONE,no_sector_in_info
DISCK,,,NONE,no_sector_in_info
DISH,,,NONE,no_sector_in_info
DJP,,,ETF,no_sector_in_info
DKS,Consumer Cyclical,Specialty Retail,EQUITY,yfinance_info
DLB,Industrials,Specialty Business Services,EQUITY,yfinance_info
DLR,Real Estate,REIT - Specialty,EQUITY,yfinance_info
DLTR,Consumer Defensive,Discount Stores,EQUITY,yfinance_info
DLX,Industrials,Conglomerates,EQUITY,yfinance_info
DNA,Healthcare,Biotechnology,EQUITY,yfinance_info
DNR,,,NONE,no_sector_in_info
DO,,,NONE,no_sector_in_info
DOV,Industrials,Specialty Industrial Machinery,EQUITY,yfinance_info
DOW,Basic Materials,Chemicals,EQUITY,yfinance_info
DOX,Technology,Software - Infrastructure,EQUITY,yfinance_info
DPS,,,MUTUALFUND,no_sector_in_info
DPTR,,,MUTUALFUND,no_sector_in_info
DPZ,Consumer Cyclical,Restaurants,EQUITY,yfinance_info
DRE,,,NONE,no_sector_in_info
DRI,Consumer Cyclical,Restaurants,EQUITY,yfinance_info
DRQ,,,NONE,no_sector_in_info
DRUA,,,ETF,no_sector_in_info
DRYS,,,NONE,no_sector_in_info
DST,,,MUTUALFUND,no_sector_in_info
DTE,Utilities,Utilities - Regulated Electric,EQUITY,yfinance_info
DTEGN,,,,no_sector_in_info
DTV,,,NONE,no_sector_in_info
DUK,Utilities,Utilities - Regulated Electric,EQUITY,yfinance_info
DVAL,,,ETF,no_sector_in_info
DVN,Energy,Oil & Gas E&P,EQUITY,yfinance_info
DWDP,,,NONE,no_sector_in_info
DXPE,Industrials,Industrial Distribution,EQUITY,yfinance_info
EA,Communication Services,Electronic Gaming & Multimedia,EQUITY,yfinance_info
EAGGQ,,,EQUITY,no_sector_in_info
EAT,Consumer Cyclical,Restaurants,EQUITY,yfinance_info
EBAY,Consumer Cyclical,Internet Retail,EQUITY,yfinance_info
EBIX,,,NONE,no_sector_in_info
ECA,,,NONE,no_sector_in_info
ECL,Basic Materials,Specialty Chemicals,EQUITY,yfinance_info
EDS,,,MUTUALFUND,no_sector_in_info
EEFT,Technology,Software - Infrastructure,EQUITY,yfinance_info
EFX,Industrials,Consulting Services,EQUITY,yfinance_info
EGN,,,MUTUALFUND,no_sector_in_info
EGOV,,,NONE,no_sector_in_info
EHTH,Financial Services,Insurance Brokers,EQUITY,yfinance_info
EIX,Utilities,Utilities - Regulated Electric,EQUITY,yfinance_info
EL,Consumer Defensive,Household & Personal Products,EQUITY,yfinance_info
ELK,,,MUTUALFUND,no_sector_in_info
ELN,,,MUTUALFUND,no_sector_in_info
ELS,Real Estate,REIT - Residential,EQUITY,yfinance_info
ELV,Healthcare,Healthcare Plans,EQUITY,yfinance_info
EMC,,,ETF,no_sector_in_info
EMG,,,MUTUALFUND,no_sector_in_info
EMR,Industrials,Specialty Industrial Machinery,EQUITY,yfinance_info
ENB,Energy,Oil & Gas Midstream,EQUITY,yfinance_info
ENDP,,,NONE,no_sector_in_info
ENEI,,,MUTUALFUND,no_sector_in_info
ENGIE,,,,no_sector_in_info
ENH,,,MUTUALFUND,no_sector_in_info
ENR,Industrials,Electrical Equipment & Parts,EQUITY,yfinance_info
EOG,Energy,Oil & Gas E&P,EQUITY,yfinance_info
EP,Energy,Oil & Gas E&P,EQUITY,yfinance_info
EPD,Energy,Oil & Gas Midstream,EQUITY,yfinance_info
EPIQ,,,MUTUALFUND,no_sector_in_info
EPKKY,,,NONE,no_sector_in_info
EQ,Healthcare,Biotechnology,EQUITY,yfinance_info
EQIX,Real Estate,REIT - Specialty,EQUITY,yfinance_info
EQR,Real Estate,REIT - Residential,EQUITY,yfinance_info
EQT,Energy,Oil & Gas E&P,EQUITY,yfinance_info
ERTS,,,MUTUALFUND,no_sector_in_info
ESI,Basic Materials,Specialty Chemicals,EQUITY,yfinance_info
ESRX,,,MUTUALFUND,no_sector_in_info
ESV,,,NONE,no_sector_in_info
ETFC,,,NONE,no_sector_in_info
ETN,Industrials,Specialty Industrial Machinery,EQUITY,yfinance_info
EV,,,ETF,no_sector_in_info
EVER,Communication Services,Internet Content & Information,EQUITY,yfinance_info
EW,Healthcare,Medical Devices,EQUITY,yfinance_info
EWBC,Financial Services,Banks - Regional,EQUITY,yfinance_info
EXAS,,,,no_sector_in_info
EXC,Utilities,Utilities - Regulated Electric,EQUITY,yfinance_info
EXH,,,MUTUALFUND,no_sector_in_info
EXP,Basic Materials,Building Materials,EQUITY,yfinance_info
EXPD,Industrials,Integrated Freight & Logistics,EQUITY,yfinance_info
EXPE,Consumer Cyclical,Travel Services,EQUITY,yfinance_info
F,Consumer Cyclical,Auto Manufacturers,EQUITY,yfinance_info
FAF,Financial Services,Insurance - Specialty,EQUITY,yfinance_info
FANG,Energy,Oil & Gas E&P,EQUITY,yfinance_info
FAST,Industrials,Industrial Distribution,EQUITY,yfinance_info
FB,,,ETF,no_sector_in_info
FBF,,,MUTUALFUND,no_sector_in_info
FBHS,,,NONE,no_sector_in_info
FCX,Basic Materials,Copper,EQUITY,yfinance_info
FD,,,MUTUALFUND,no_sector_in_info
FDC,,,NONE,no_sector_in_info
FDO,,,MUTUALFUND,no_sector_in_info
FDS,Financial Services,Financial Data & Stock Exchanges,EQUITY,yfinance_info
FDX,Industrials,Integrated Freight & Logistics,EQUITY,yfinance_info
FE,Utilities,Utilities - Regulated Electric,EQUITY,yfinance_info
FEIC,,,MUTUALFUND,no_sector_in_info
FERG,Industrials,Industrial Distribution,EQUITY,yfinance_info
FFH,,,MUTUALFUND,no_sector_in_info
FFIV,Technology,Software - Infrastructure,EQUITY,yfinance_info
FHB,Financial Services,Banks - Regional,EQUITY,yfinance_info
FI,,,,no_sector_in_info
FIS,Technology,Information Technology Services,EQUITY,yfinance_info
FISV,,,EQUITY,no_sector_in_info
FITB,Financial Services,Banks - Regional,EQUITY,yfinance_info
FIVE,Consumer Cyclical,Specialty Retail,EQUITY,yfinance_info
FL,,,NONE,no_sector_in_info
FLEX,Technology,Electronic Components,EQUITY,yfinance_info
FLIR,,,NONE,no_sector_in_info
FLO,Consumer Defensive,Packaged Foods,EQUITY,yfinance_info
FLR,Industrials,Engineering & Construction,EQUITY,yfinance_info
FLS,Industrials,Specialty Industrial Machinery,EQUITY,yfinance_info
FLT,,,NONE,no_sector_in_info
FMC,Basic Materials,Agricultural Inputs,EQUITY,yfinance_info
FNB,Financial Services,Banks - Regional,EQUITY,yfinance_info
FNGN,,,NONE,no_sector_in_info
FNV,Basic Materials,Gold,EQUITY,yfinance_info
FO,,,MUTUALFUND,no_sector_in_info
FOX,Communication Services,Entertainment,EQUITY,yfinance_info
FPL,,,NONE,no_sector_in_info
FRC,,,NONE,no_sector_in_info
FRME,Financial Services,Banks - Regional,EQUITY,yfinance_info
FRX,,,NONE,no_sector_in_info
FSH,,,MUTUALFUND,no_sector_in_info
FSL,,,MUTUALFUND,no_sector_in_info
FSLR,Technology,Solar,EQUITY,yfinance_info
FST,,,NONE,no_sector_in_info
FTI,Energy,Oil & Gas Equipment & Services,EQUITY,yfinance_info
FTO,,,MUTUALFUND,no_sector_in_info
FTR,,,NONE,no_sector_in_info
FUL,Basic Materials,Specialty Chemicals,EQUITY,yfinance_info
FULL,,,MUTUALFUND,no_sector_in_info
G,Technology,Information Technology Services,EQUITY,yfinance_info
GCI,,,,no_sector_in_info
GD,Industrials,Aerospace & Defense,EQUITY,yfinance_info
GDI,,,NONE,no_sector_in_info
GDT,,,ETF,no_sector_in_info
GE,Industrials,Aerospace & Defense,EQUITY,yfinance_info
GEN,Technology,Software - Infrastructure,EQUITY,yfinance_info
GENZ,,,ETF,no_sector_in_info
GEV,Industrials,Specialty Industrial Machinery,EQUITY,yfinance_info
GFLW,,,ETF,no_sector_in_info
GGB,Basic Materials,Steel,EQUITY,yfinance_info
GGG,Industrials,Specialty Industrial Machinery,EQUITY,yfinance_info
GIBA,,,,no_sector_in_info
GIFI,,,,no_sector_in_info
GIL,Consumer Cyclical,Apparel Manufacturing,EQUITY,yfinance_info
GILD,Healthcare,Drug Manufacturers - General,EQUITY,yfinance_info
GIS,Consumer Defensive,Packaged Foods,EQUITY,yfinance_info
GLEN,,,,no_sector_in_info
GLT,,,NONE,no_sector_in_info
GLW,Technology,Electronic Components,EQUITY,yfinance_info
GM,Consumer Cyclical,Auto Manufacturers,EQUITY,yfinance_info
GMA,,,MUTUALFUND,no_sector_in_info
GMCR,,,MUTUALFUND,no_sector_in_info
GME,Consumer Cyclical,Specialty Retail,EQUITY,yfinance_info
GMST,,,MUTUALFUND,no_sector_in_info
GMT,,,MUTUALFUND,no_sector_in_info
GNA,,,MUTUALFUND,no_sector_in_info
GNTX,Consumer Cyclical,Auto Parts,EQUITY,yfinance_info
GNW,Financial Services,Insurance - Life,EQUITY,yfinance_info
GOLD,Financial Services,Capital Markets,EQUITY,yfinance_info
GOOG,Communication Services,Internet Content & Information,EQUITY,yfinance_info
GOOGL,Communication Services,Internet Content & Information,EQUITY,yfinance_info
GP,Industrials,Farm & Heavy Construction Machinery,EQUITY,yfinance_info
GPC,Consumer Cyclical,Auto Parts,EQUITY,yfinance_info
GPI,Consumer Cyclical,Auto & Truck Dealerships,EQUITY,yfinance_info
GPS,,,NONE,no_sector_in_info
GPT,,,ETF,no_sector_in_info
GR,,,MUTUALFUND,no_sector_in_info
GRMN,Technology,Scientific & Technical Instruments,EQUITY,yfinance_info
GS,Financial Services,Capital Markets,EQUITY,yfinance_info
GSF,,,MUTUALFUND,no_sector_in_info
GSK,Healthcare,Drug Manufacturers - General,EQUITY,yfinance_info
GSTL,,,MUTUALFUND,no_sector_in_info
GT,Consumer Cyclical,Auto Parts,EQUITY,yfinance_info
GWR,,,NONE,no_sector_in_info
GWW,Industrials,Industrial Distribution,EQUITY,yfinance_info
GXP,,,MUTUALFUND,no_sector_in_info
H,Consumer Cyclical,Lodging,EQUITY,yfinance_info
HAIN,Consumer Defensive,Packaged Foods,EQUITY,yfinance_info
HAL,Energy,Oil & Gas Equipment & Services,EQUITY,yfinance_info
HAR,,,MUTUALFUND,no_sector_in_info
HARP,,,NONE,no_sector_in_info
HBHC,,,MUTUALFUND,no_sector_in_info
HBI,,,,no_sector_in_info
HCA,Healthcare,Medical Care Facilities,EQUITY,yfinance_info
HCBK,,,MUTUALFUND,no_sector_in_info
HCC,Basic Materials,Coking Coal,EQUITY,yfinance_info
HCN,,,MUTUALFUND,no_sector_in_info
HCP,,,NONE,no_sector_in_info
HCSG,Healthcare,Medical Care Facilities,EQUITY,yfinance_info
HD,Consumer Cyclical,Home Improvement Retail,EQUITY,yfinance_info
HECO,,,ETF,no_sector_in_info
HEIN,,,,no_sector_in_info
HES,,,,no_sector_in_info
HET,,,MUTUALFUND,no_sector_in_info
HFC,,,NONE,no_sector_in_info
HHC,,,NONE,no_sector_in_info
HI,,,,no_sector_in_info
HIBB,,,NONE,no_sector_in_info
HIG,Financial Services,Insurance - Diversified,EQUITY,yfinance_info
HII,Industrials,Aerospace & Defense,EQUITY,yfinance_info
HIT,Technology,Software - Application,EQUITY,yfinance_info
HK,,,NONE,no_sector_in_info
HLF,Consumer Defensive,Packaged Foods,EQUITY,yfinance_info
HLT,Consumer Cyclical,Lodging,EQUITY,yfinance_info
HLX,Energy,Oil & Gas Equipment & Services,EQUITY,yfinance_info
HMC,Consumer Cyclical,Auto Manufacturers,EQUITY,yfinance_info
HNDL,,,ETF,no_sector_in_info
HNKG,,,,no_sector_in_info
HNZ,,,MUTUALFUND,no_sector_in_info
HOC,,,MUTUALFUND,no_sector_in_info
HOG,Consumer Cyclical,Recreational Vehicles,EQUITY,yfinance_info
HOLX,,,NONE,no_sector_in_info
HON,Industrials,Conglomerates,EQUITY,yfinance_info
HOT,,,MUTUALFUND,no_sector_in_info
HP,Energy,Oil & Gas Drilling,EQUITY,yfinance_info
HPE,Technology,Communication Equipment,EQUITY,yfinance_info
HPQ,Technology,Computer Hardware,EQUITY,yfinance_info
HRB,Consumer Cyclical,Personal Services,EQUITY,yfinance_info
HRL,Consumer Defensive,Packaged Foods,EQUITY,yfinance_info
HRS,,,NONE,no_sector_in_info
HSBA,,,,no_sector_in_info
HSBC,Financial Services,Banks - Diversified,EQUITY,yfinance_info
HSIC,Healthcare,Medical Distribution,EQUITY,yfinance_info
HSP,,,MUTUALFUND,no_sector_in_info
HSY,Consumer Defensive,Confectioners,EQUITY,yfinance_info
HTZ,Industrials,Rental & Leasing Services,EQUITY,yfinance_info
HUM,Healthcare,Healthcare Plans,EQUITY,yfinance_info
HUSE,,,ETF,no_sector_in_info
HWP,,,MUTUALFUND,no_sector_in_info
HXL,Industrials,Aerospace & Defense,EQUITY,yfinance_info
HZNP,,,NONE,no_sector_in_info
IAB,,,ECNQUOTE,no_sector_in_info
IAC,Communication Services,Internet Content & Information,EQUITY,yfinance_info
IACI,,,MUTUALFUND,no_sector_in_info
IBE,,,ECNQUOTE,no_sector_in_info
IBM,Technology,Information Technology Services,EQUITY,yfinance_info
ICE,Financial Services,Financial Data & Stock Exchanges,EQUITY,yfinance_info
IEX,Industrials,Specialty Industrial Machinery,EQUITY,yfinance_info
IFF,Basic Materials,Specialty Chemicals,EQUITY,yfinance_info
IFLO,,,ETF,no_sector_in_info
IFX,,,MUTUALFUND,no_sector_in_info
IGT,,,NONE,no_sector_in_info
IHS,Real Estate,Real Estate Services,EQUITY,yfinance_info
ILMN,Healthcare,Diagnostics & Research,EQUITY,yfinance_info
IMB,,,MUTUALFUND,no_sector_in_info
IMT,,,MUTUALFUND,no_sector_in_info
INCY,Healthcare,Biotechnology,EQUITY,yfinance_info
INFY,Technology,Information Technology Services,EQUITY,yfinance_info
ING,Financial Services,Banks - Diversified,EQUITY,yfinance_info
INGR,Consumer Defensive,Packaged Foods,EQUITY,yfinance_info
INTC,Technology,Semiconductors,EQUITY,yfinance_info
INTU,Technology,Software - Application,EQUITY,yfinance_info
IO,,,NONE,no_sector_in_info
IP,Consumer Cyclical,Packaging & Containers,EQUITY,yfinance_info
IPG,,,,no_sector_in_info
IQV,Healthcare,Diagnostics & Research,EQUITY,yfinance_info
IR,Industrials,Specialty Industrial Machinery,EQUITY,yfinance_info
ISRG,Healthcare,Medical Instruments & Supplies,EQUITY,yfinance_info
ITC,,,MUTUALFUND,no_sector_in_info
ITT,Industrials,Specialty Industrial Machinery,EQUITY,yfinance_info
ITU,,,MUTUALFUND,no_sector_in_info
ITUB,Financial Services,Banks - Regional,EQUITY,yfinance_info
ITV,,,ECNQUOTE,no_sector_in_info
ITW,Industrials,Specialty Industrial Machinery,EQUITY,yfinance_info
IVGN,,,MUTUALFUND,no_sector_in_info
IVX,,,MUTUALFUND,no_sector_in_info
IVZ,Financial Services,Asset Management,EQUITY,yfinance_info
JAH,,,MUTUALFUND,no_sector_in_info
JAZZ,Healthcare,Biotechnology,EQUITY,yfinance_info
JBHT,Industrials,Integrated Freight & Logistics,EQUITY,yfinance_info
JBL,Technology,Electronic Components,EQUITY,yfinance_info
JBT,,,NONE,no_sector_in_info
JCI,Industrials,Building Products & Equipment,EQUITY,yfinance_info
JCP,,,NONE,no_sector_in_info
JEC,,,NONE,no_sector_in_info
JKHY,Technology,Information Technology Services,EQUITY,yfinance_info
JLL,Real Estate,Real Estate Services,EQUITY,yfinance_info
JNC,,,MUTUALFUND,no_sector_in_info
JNJ,Healthcare,Drug Manufacturers - General,EQUITY,yfinance_info
JNPR,,,NONE,no_sector_in_info
JOSB,,,MUTUALFUND,no_sector_in_info
JP,,,NONE,no_sector_in_info
JPJQL,,,,no_sector_in_info
JPM,Financial Services,Banks - Diversified,EQUITY,yfinance_info
JW,,,NONE,no_sector_in_info
JWN,,,NONE,no_sector_in_info
K,,,,no_sector_in_info
KAR,,,NONE,no_sector_in_info
KBH,Consumer Cyclical,Residential Construction,EQUITY,yfinance_info
KDP,Consumer Defensive,Beverages - Non-Alcoholic,EQUITY,yfinance_info
KEX,Industrials,Marine Shipping,EQUITY,yfinance_info
KEY,Financial Services,Banks - Regional,EQUITY,yfinance_info
KFT,,,MUTUALFUND,no_sector_in_info
KHC,Consumer Defensive,Packaged Foods,EQUITY,yfinance_info
KIM,Real Estate,REIT - Retail,EQUITY,yfinance_info
KKR,Financial Services,Asset Management,EQUITY,yfinance_info
KLAC,Technology,Semiconductor Equipment & Materials,EQUITY,yfinance_info
KMB,Consumer Defensive,Household & Personal Products,EQUITY,yfinance_info
KMG,,,MUTUALFUND,no_sector_in_info
KMI,Energy,Oil & Gas Midstream,EQUITY,yfinance_info
KMP,,,MUTUALFUND,no_sector_in_info
KMT,Industrials,Tools & Accessories,EQUITY,yfinance_info
KMX,Consumer Cyclical,Auto & Truck Dealerships,EQUITY,yfinance_info
KO,Consumer Defensive,Beverages - Non-Alcoholic,EQUITY,yfinance_info
KR,Consumer Defensive,Grocery Stores,EQUITY,yfinance_info
KRB,,,MUTUALFUND,no_sector_in_info
KRNY,Financial Services,Banks - Regional,EQUITY,yfinance_info
KSS,Consumer Cyclical,Department Stores,EQUITY,yfinance_info
KSU,,,NONE,no_sector_in_info
KVUE,Consumer Defensive,Household & Personal Products,EQUITY,yfinance_info
L,Financial Services,Insurance - Property & Casualty,EQUITY,yfinance_info
LAD,Consumer Cyclical,Auto & Truck Dealerships,EQUITY,yfinance_info
LAZ,Financial Services,Capital Markets,EQUITY,yfinance_info
LBRDK,Communication Services,Telecom Services,EQUITY,yfinance_info
LBTYA,Communication Services,Telecom Services,EQUITY,yfinance_info
LBTYK,Communication Services,Telecom Services,EQUITY,yfinance_info
LCAPA,,,MUTUALFUND,no_sector_in_info
LDOS,Technology,Information Technology Services,EQUITY,yfinance_info
LEA,Consumer Cyclical,Auto Parts,EQUITY,yfinance_info
LECO,Industrials,Tools & Accessories,EQUITY,yfinance_info
LEG,Consumer Cyclical,"Furnishings, Fixtures & Appliances",EQUITY,yfinance_info
LEH,,,MUTUALFUND,no_sector_in_info
LEN,Consumer Cyclical,Residential Construction,EQUITY,yfinance_info
LFL,,,MUTUALFUND,no_sector_in_info
LGF,,,MUTUALFUND,no_sector_in_info
LGND,Healthcare,Biotechnology,EQUITY,yfinance_info
LH,Healthcare,Diagnostics & Research,EQUITY,yfinance_info
LHX,Industrials,Aerospace & Defense,EQUITY,yfinance_info
LIN,Basic Materials,Specialty Chemicals,EQUITY,yfinance_info
LINI,,,,no_sector_in_info
LINTA,,,MUTUALFUND,no_sector_in_info
LKQ,Consumer Cyclical,Auto Parts,EQUITY,yfinance_info
LKQX,,,MUTUALFUND,no_sector_in_info
LLL,,,NONE,no_sector_in_info
LLTC,,,MUTUALFUND,no_sector_in_info
LLY,Healthcare,Drug Manufacturers - General,EQUITY,yfinance_info
LM,,,NONE,no_sector_in_info
LMNX,,,ETF,no_sector_in_info
LMT,Industrials,Aerospace & Defense,EQUITY,yfinance_info
LNC,Financial Services,Insurance - Life,EQUITY,yfinance_info
LNT,Utilities,Utilities - Regulated Electric,EQUITY,yfinance_info
LO,,,MUTUALFUND,no_sector_in_info
LOG,,,MUTUALFUND,no_sector_in_info
LOPE,Consumer Defensive,Education & Training Services,EQUITY,yfinance_info
LOW,Consumer Cyclical,Home Improvement Retail,EQUITY,yfinance_info
LPX,Industrials,Building Products & Equipment,EQUITY,yfinance_info
LRCX,Technology,Semiconductor Equipment & Materials,EQUITY,yfinance_info
LTD,,,MUTUALFUND,no_sector_in_info
LULU,Consumer Cyclical,Apparel Retail,EQUITY,yfinance_info
LUV,Industrials,Airlines,EQUITY,yfinance_info
LVMH,,,,no_sector_in_info
LVS,Consumer Cyclical,Resorts & Casinos,EQUITY,yfinance_info
LW,Consumer Defensive,Packaged Foods,EQUITY,yfinance_info
LXK,,,MUTUALFUND,no_sector_in_info
LYB,Basic Materials,Specialty Chemicals,EQUITY,yfinance_info
LYO,,,MUTUALFUND,no_sector_in_info
M,Consumer Cyclical,Department Stores,EQUITY,yfinance_info
MA,Financial Services,Credit Services,EQUITY,yfinance_info
MAA,Real Estate,REIT - Residential,EQUITY,yfinance_info
MAN,Industrials,Staffing & Employment Services,EQUITY,yfinance_info
MANH,Technology,Software - Application,EQUITY,yfinance_info
MAR,Consumer Cyclical,Lodging,EQUITY,yfinance_info
MAS,Industrials,Building Products & Equipment,EQUITY,yfinance_info
MAT,Consumer Cyclical,Leisure,EQUITY,yfinance_info
MBT,,,NONE,no_sector_in_info
MCBP,,,NONE,no_sector_in_info
MCD,Consumer Cyclical,Restaurants,EQUITY,yfinance_info
MCHP,Technology,Semiconductors,EQUITY,yfinance_info
MCK,Healthcare,Medical Distribution,EQUITY,yfinance_info
MCO,Financial Services,Financial Data & Stock Exchanges,EQUITY,yfinance_info
MDC,,,NONE,no_sector_in_info
MDLZ,Consumer Defensive,Confectioners,EQUITY,yfinance_info
MDP,,,NONE,no_sector_in_info
MDR,,,NONE,no_sector_in_info
MDT,Healthcare,Medical Devices,EQUITY,yfinance_info
MDVN,,,MUTUALFUND,no_sector_in_info
MEL,,,MUTUALFUND,no_sector_in_info
MELI,Consumer Cyclical,Internet Retail,EQUITY,yfinance_info
MER,,,MUTUALFUND,no_sector_in_info
MET,Financial Services,Insurance - Life,EQUITY,yfinance_info
META,Communication Services,Internet Content & Information,EQUITY,yfinance_info
MFC,Financial Services,Insurance - Life,EQUITY,yfinance_info
MGA,Consumer Cyclical,Auto Parts,EQUITY,yfinance_info
MHK,Consumer Cyclical,"Furnishings, Fixtures & Appliances",EQUITY,yfinance_info
MHP,,,MUTUALFUND,no_sector_in_info
MHS,,,MUTUALFUND,no_sector_in_info
MHX,,,MUTUALFUND,no_sector_in_info
MIDD,Industrials,Specialty Industrial Machinery,EQUITY,yfinance_info
MIK,,,NONE,no_sector_in_info
MJN,,,MUTUALFUND,no_sector_in_info
MKC,Consumer Defensive,Packaged Foods,EQUITY,yfinance_info
MKL,Financial Services,Insurance - Property & Casualty,EQUITY,yfinance_info
MKS,,,MUTUALFUND,no_sector_in_info
MLM,Basic Materials,Building Materials,EQUITY,yfinance_info
MMC,,,NONE,no_sector_in_info
MMM,Industrials,Conglomerates,EQUITY,yfinance_info
MNK,,,NONE,no_sector_in_info
MNST,Consumer Defensive,Beverages - Non-Alcoholic,EQUITY,yfinance_info
MO,Consumer Defensive,Tobacco,EQUITY,yfinance_info
MOGN,,,MUTUALFUND,no_sector_in_info
MON,,,NONE,no_sector_in_info
MORN,Financial Services,Financial Data & Stock Exchanges,EQUITY,yfinance_info
MOS,Basic Materials,Agricultural Inputs,EQUITY,yfinance_info
MOT,,,MUTUALFUND,no_sector_in_info
MPC,Energy,Oil & Gas Refining & Marketing,EQUITY,yfinance_info
MPWR,Technology,Semiconductors,EQUITY,yfinance_info
MRC,,,,no_sector_in_info
MRK,Healthcare,Drug Manufacturers - General,EQUITY,yfinance_info
MRO,,,NONE,no_sector_in_info
MRR,,,MUTUALFUND,no_sector_in_info
MRVL,Technology,Semiconductors,EQUITY,yfinance_info
MRX,Financial Services,Capital Markets,EQUITY,yfinance_info
MS,Financial Services,Capital Markets,EQUITY,yfinance_info
MSCC,,,MUTUALFUND,no_sector_in_info
MSFT,Technology,Software - Infrastructure,EQUITY,yfinance_info
MSI,Technology,Communication Equipment,EQUITY,yfinance_info
MSTR,Technology,Software - Application,EQUITY,yfinance_info
MT,Basic Materials,Steel,EQUITY,yfinance_info
MTB,Financial Services,Banks - Regional,EQUITY,yfinance_info
MTG,Financial Services,Insurance - Specialty,EQUITY,yfinance_info
MTH,Consumer Cyclical,Residential Construction,EQUITY,yfinance_info
MTN,Consumer Cyclical,Resorts & Casinos,EQUITY,yfinance_info
MTSC,,,NONE,no_sector_in_info
MTX,Basic Materials,Specialty Chemicals,EQUITY,yfinance_info
MU,Technology,Semiconductors,EQUITY,yfinance_info
MUR,Energy,Oil & Gas E&P,EQUITY,yfinance_info
MUS,,,NONE,no_sector_in_info
MUVGN,,,,no_sector_in_info
MVSN,,,MUTUALFUND,no_sector_in_info
MW,,,MUTUALFUND,no_sector_in_info
MWD,,,MUTUALFUND,no_sector_in_info
MWV,,,MUTUALFUND,no_sector_in_info
MXIM,,,NONE,no_sector_in_info
MYL,,,NONE,no_sector_in_info
MYLNP,,,,no_sector_in_info
NATI,,,NONE,no_sector_in_info
NAV,,,NONE,no_sector_in_info
NBL,,,NONE,no_sector_in_info
NBR,Energy,Oil & Gas Drilling,EQUITY,yfinance_info
NCLH,Consumer Cyclical,Travel Services,EQUITY,yfinance_info
NCR,,,NONE,no_sector_in_info
NDAQ,Financial Services,Financial Data & Stock Exchanges,EQUITY,yfinance_info
NE,Energy,Oil & Gas Drilling,EQUITY,yfinance_info
NEE,Utilities,Utilities - Regulated Electric,EQUITY,yfinance_info
NEM,Basic Materials,Gold,EQUITY,yfinance_info
NESN,,,,no_sector_in_info
NET,Technology,Software - Infrastructure,EQUITY,yfinance_info
NEU,Basic Materials,Specialty Chemicals,EQUITY,yfinance_info
NFB,,,MUTUALFUND,no_sector_in_info
NFLX,Communication Services,Entertainment,EQUITY,yfinance_info
NG,Basic Materials,Gold,EQUITY,yfinance_info
NI,Utilities,Utilities - Regulated Gas,EQUITY,yfinance_info
NIHD,,,NONE,no_sector_in_info
NKE,Consumer Cyclical,Footwear & Accessories,EQUITY,yfinance_info
NLSN,,,NONE,no_sector_in_info
NLY,Real Estate,REIT - Mortgage,EQUITY,yfinance_info
NOC,Industrials,Aerospace & Defense,EQUITY,yfinance_info
NOG,Energy,Oil & Gas E&P,EQUITY,yfinance_info
NOK,Technology,Communication Equipment,EQUITY,yfinance_info
NOV,Energy,Oil & Gas Equipment & Services,EQUITY,yfinance_info
NOVN,,,NONE,no_sector_in_info
NOVOB,,,,no_sector_in_info
NOW,Technology,Software - Application,EQUITY,yfinance_info
NRDBY,Financial Services,Banks - Regional,EQUITY,yfinance_info
NRG,Utilities,Utilities - Independent Power Producers,EQUITY,yfinance_info
NRP,Energy,Thermal Coal,EQUITY,yfinance_info
NSC,Industrials,Railroads,EQUITY,yfinance_info
NSM,,,MUTUALFUND,no_sector_in_info
NSRGY,Consumer Defensive,Packaged Foods,EQUITY,yfinance_info
NTAP,Technology,Software - Infrastructure,EQUITY,yfinance_info
NTDOY,Communication Services,Electronic Gaming & Multimedia,EQUITY,yfinance_info
NTES,Communication Services,Electronic Gaming & Multimedia,EQUITY,yfinance_info
NTRI,,,NONE,no_sector_in_info
NTRS,Financial Services,Asset Management,EQUITY,yfinance_info
NU,Financial Services,Banks - Regional,EQUITY,yfinance_info
NUAN,,,NONE,no_sector_in_info
NUE,Basic Materials,Steel,EQUITY,yfinance_info
NUS,Consumer Defensive,Household & Personal Products,EQUITY,yfinance_info
NVDA,Technology,Semiconductors,EQUITY,yfinance_info
NVLS,,,MUTUALFUND,no_sector_in_info
NVO,Healthcare,Drug Manufacturers - General,EQUITY,yfinance_info
NVR,Consumer Cyclical,Residential Construction,EQUITY,yfinance_info
NVS,Healthcare,Drug Manufacturers - General,EQUITY,yfinance_info
NVT,Industrials,Electrical Equipment & Parts,EQUITY,yfinance_info
NWG,Financial Services,Banks - Regional,EQUITY,yfinance_info
NWL,Consumer Defensive,Household & Personal Products,EQUITY,yfinance_info
NWS,Communication Services,Entertainment,EQUITY,yfinance_info
NWSA,Communication Services,Entertainment,EQUITY,yfinance_info
NXL,Healthcare,Medical Devices,EQUITY,yfinance_info
NXPI,Technology,Semiconductors,EQUITY,yfinance_info
NXTL,,,MUTUALFUND,no_sector_in_info
NYX,,,EQUITY,no_sector_in_info
OAS,,,NONE,no_sector_in_info
OCR,,,MUTUALFUND,no_sector_in_info
OHP,,,MUTUALFUND,no_sector_in_info
OI,Consumer Cyclical,Packaging & Containers,EQUITY,yfinance_info
OII,Energy,Oil & Gas Equipment & Services,EQUITY,yfinance_info
OIS,Energy,Oil & Gas Equipment & Services,EQUITY,yfinance_info
OKE,Energy,Oil & Gas Midstream,EQUITY,yfinance_info
OKTA,Technology,Software - Infrastructure,EQUITY,yfinance_info
OMC,Communication Services,Advertising Agencies,EQUITY,yfinance_info
OMF,Financial Services,Credit Services,EQUITY,yfinance_info
ON,Technology,Semiconductors,EQUITY,yfinance_info
ONE,,,NONE,no_sector_in_info
ORCL,Technology,Software - Infrastructure,EQUITY,yfinance_info
ORI,Financial Services,Insurance - Property & Casualty,EQUITY,yfinance_info
ORLY,Consumer Cyclical,Auto Parts,EQUITY,yfinance_info
OTEX,Technology,Software - Application,EQUITY,yfinance_info
OTIS,Industrials,Specialty Industrial Machinery,EQUITY,yfinance_info
OTRKB,,,MUTUALFUND,no_sector_in_info
OXY,Energy,Oil & Gas E&P,EQUITY,yfinance_info
OZRK,,,NONE,no_sector_in_info
PAA,Energy,Oil & Gas Midstream,EQUITY,yfinance_info
PANW,Technology,Software - Infrastructure,EQUITY,yfinance_info
PAYX,Technology,Software - Application,EQUITY,yfinance_info
PBG,,,MUTUALFUND,no_sector_in_info
PBI,Industrials,Integrated Freight & Logistics,EQUITY,yfinance_info
PBR,Energy,Oil & Gas Integrated,EQUITY,yfinance_info
PCAR,Industrials,Farm & Heavy Construction Machinery,EQUITY,yfinance_info
PCG,Utilities,Utilities - Regulated Electric,EQUITY,yfinance_info
PCL,,,ETF,no_sector_in_info
PCLN,,,EQUITY,no_sector_in_info
PCP,,,MUTUALFUND,no_sector_in_info
PD,Technology,Software - Application,EQUITY,yfinance_info
PDCE,,,NONE,no_sector_in_info
PDCO,,,NONE,no_sector_in_info
PEG,Utilities,Utilities - Regulated Electric,EQUITY,yfinance_info
PEP,Consumer Defensive,Beverages - Non-Alcoholic,EQUITY,yfinance_info
PERP,,,,no_sector_in_info
PETM,,,MUTUALFUND,no_sector_in_info
PF,,,MUTUALFUND,no_sector_in_info
PFA,,,MUTUALFUND,no_sector_in_info
PFE,Healthcare,Drug Manufacturers - General,EQUITY,yfinance_info
PFG,Financial Services,Asset Management,EQUITY,yfinance_info
PFGC,Consumer Defensive,Food Distribution,EQUITY,yfinance_info
PFSI,Financial Services,Mortgage Finance,EQUITY,yfinance_info
PG,Consumer Defensive,Household & Personal Products,EQUITY,yfinance_info
PGN,,,MUTUALFUND,no_sector_in_info
PGR,Financial Services,Insurance - Property & Casualty,EQUITY,yfinance_info
PH,Industrials,Specialty Industrial Machinery,EQUITY,yfinance_info
PHA,,,MUTUALFUND,no_sector_in_info
PHG,Healthcare,Medical Devices,EQUITY,yfinance_info
PHIIK,,,NONE,no_sector_in_info
PHM,Consumer Cyclical,Residential Construction,EQUITY,yfinance_info
PII,Consumer Cyclical,Recreational Vehicles,EQUITY,yfinance_info
PINS,Communication Services,Internet Content & Information,EQUITY,yfinance_info
PKG,Consumer Cyclical,Packaging & Containers,EQUITY,yfinance_info
PKI,,,NONE,no_sector_in_info
PLD,Real Estate,REIT - Industrial,EQUITY,yfinance_info
PLL,,,,no_sector_in_info
PLMR,Financial Services,Insurance - Property & Casualty,EQUITY,yfinance_info
PLT,,,ETF,no_sector_in_info
PLXS,Technology,Electronic Components,EQUITY,yfinance_info
PM,Consumer Defensive,Tobacco,EQUITY,yfinance_info
PMI,Healthcare,Medical Devices,EQUITY,yfinance_info
PNC,Financial Services,Banks - Regional,EQUITY,yfinance_info
PNR,Industrials,Specialty Industrial Machinery,EQUITY,yfinance_info
POOL,Industrials,Industrial Distribution,EQUITY,yfinance_info
POSS,,,MUTUALFUND,no_sector_in_info
POT,,,MUTUALFUND,no_sector_in_info
POWI,Technology,Semiconductors,EQUITY,yfinance_info
PPDI,,,MUTUALFUND,no_sector_in_info
PPG,Basic Materials,Specialty Chemicals,EQUITY,yfinance_info
PPL,Utilities,Utilities - Regulated Electric,EQUITY,yfinance_info
PRE,Consumer Defensive,Packaged Foods,EQUITY,yfinance_info
PRGO,Healthcare,Drug Manufacturers - Specialty & Generic,EQUITY,yfinance_info
PRU,Financial Services,Insurance - Life,EQUITY,yfinance_info
PRY,,,MUTUALFUND,no_sector_in_info
PSA,Real Estate,REIT - Industrial,EQUITY,yfinance_info
PSCDQ,,,MUTUALFUND,no_sector_in_info
PSMT,Consumer Defensive,Discount Stores,EQUITY,yfinance_info
PSON,,,NONE,no_sector_in_info
PSTG,,,,no_sector_in_info
PSX,Energy,Oil & Gas Refining & Marketing,EQUITY,yfinance_info
PTEN,Energy,Oil & Gas Drilling,EQUITY,yfinance_info
PTLA,,,NONE,no_sector_in_info
PTR,,,NONE,no_sector_in_info
PTV,,,MUTUALFUND,no_sector_in_info
PVH,Consumer Cyclical,Apparel Manufacturing,EQUITY,yfinance_info
PVT,,,NONE,no_sector_in_info
PWR,Industrials,Engineering & Construction,EQUITY,yfinance_info
PX,,,,no_sector_in_info
PXD,,,NONE,no_sector_in_info
PYPL,Financial Services,Credit Services,EQUITY,yfinance_info
Q,Technology,Semiconductor Equipment & Materials,EQUITY,yfinance_info
QCOM,Technology,Semiconductors,EQUITY,yfinance_info
QCOR,,,MUTUALFUND,no_sector_in_info
QRVO,Technology,Semiconductors,EQUITY,yfinance_info
QVCA,,,MUTUALFUND,no_sector_in_info
R,Industrials,Rental & Leasing Services,EQUITY,yfinance_info
RAD,,,NONE,no_sector_in_info
RADI,,,NONE,no_sector_in_info
RAI,,,MUTUALFUND,no_sector_in_info
RAX,,,MUTUALFUND,no_sector_in_info
RBC,Industrials,Tools & Accessories,EQUITY,yfinance_info
RBK,,,MUTUALFUND,no_sector_in_info
RBLX,Communication Services,Electronic Gaming & Multimedia,EQUITY,yfinance_info
RCI,Communication Services,Telecom Services,EQUITY,yfinance_info
RCL,Consumer Cyclical,Travel Services,EQUITY,yfinance_info
RDN,Financial Services,Insurance - Specialty,EQUITY,yfinance_info
RDS,,,MUTUALFUND,no_sector_in_info
RDSA,,,NONE,no_sector_in_info
RE,,,NONE,no_sector_in_info
RELIQ,,,,no_sector_in_info
RENA,,,,no_sector_in_info
RGA,Financial Services,Insurance - Reinsurance,EQUITY,yfinance_info
RGC,Healthcare,Drug Manufacturers - Specialty & Generic,EQUITY,yfinance_info
RGR,Industrials,Aerospace & Defense,EQUITY,yfinance_info
RHHBY,Healthcare,Drug Manufacturers - General,EQUITY,yfinance_info
RHKG,,,,no_sector_in_info
RIG,Energy,Oil & Gas Drilling,EQUITY,yfinance_info
RIMM,,,MUTUALFUND,no_sector_in_info
RIO,Basic Materials,Other Industrial Metals & Mining,EQUITY,yfinance_info
RKT,Financial Services,Mortgage Finance,EQUITY,yfinance_info
RMD,Healthcare,Medical Instruments & Supplies,EQUITY,yfinance_info
ROG,Technology,Electronic Components,EQUITY,yfinance_info
ROK,Industrials,Specialty Industrial Machinery,EQUITY,yfinance_info
ROP,Technology,Software - Application,EQUITY,yfinance_info
ROST,Consumer Cyclical,Apparel Retail,EQUITY,yfinance_info
RP,,,NONE,no_sector_in_info
RPM,Basic Materials,Specialty Chemicals,EQUITY,yfinance_info
RPRX,Healthcare,Biotechnology,EQUITY,yfinance_info
RRC,Energy,Oil & Gas E&P,EQUITY,yfinance_info
RS,Basic Materials,Steel,EQUITY,yfinance_info
RSG,Industrials,Waste Management,EQUITY,yfinance_info
RT,,,MUTUALFUND,no_sector_in_info
RTN,,,NONE,no_sector_in_info
RTP,,,NONE,no_sector_in_info
RTX,Industrials,Aerospace & Defense,EQUITY,yfinance_info
RWT,Real Estate,REIT - Mortgage,EQUITY,yfinance_info
RY,Financial Services,Banks - Diversified,EQUITY,yfinance_info
S,Technology,Software - Infrastructure,EQUITY,yfinance_info
SAFC,,,MUTUALFUND,no_sector_in_info
SAI,,,NONE,no_sector_in_info
SAP,Technology,Software - Application,EQUITY,yfinance_info
SAPG,,,,no_sector_in_info
SAVE,,,NONE,no_sector_in_info
SBC,Industrials,Consulting Services,EQUITY,yfinance_info
SBGSY,Industrials,Specialty Industrial Machinery,EQUITY,yfinance_info
SBNY,Financial Services,Banks - Regional,EQUITY,yfinance_info
SBUX,Consumer Cyclical,Restaurants,EQUITY,yfinance_info
SCCO,Basic Materials,Copper,EQUITY,yfinance_info
SCHN,,,NONE,no_sector_in_info
SCHW,Financial Services,Capital Markets,EQUITY,yfinance_info
SCMN,,,,no_sector_in_info
SD,Energy,Oil & Gas E&P,EQUITY,yfinance_info
SE,Consumer Cyclical,Internet Retail,EQUITY,yfinance_info
SEE,,,,no_sector_in_info
SEIC,Financial Services,Asset Management,EQUITY,yfinance_info
SEK,,,ECNQUOTE,no_sector_in_info
SEM,Healthcare,Medical Care Facilities,EQUITY,yfinance_info
SEPR,,,MUTUALFUND,no_sector_in_info
SF,Financial Services,Capital Markets,EQUITY,yfinance_info
SGEF,,,,no_sector_in_info
SGP,Healthcare,Biotechnology,EQUITY,yfinance_info
SHEL,Energy,Oil & Gas Integrated,EQUITY,yfinance_info
SHOP,Technology,Software - Application,EQUITY,yfinance_info
SHPG,,,MUTUALFUND,no_sector_in_info
SHPGY,,,MUTUALFUND,no_sector_in_info
SHW,Basic Materials,Specialty Chemicals,EQUITY,yfinance_info
SI,,,EQUITY,no_sector_in_info
SIAL,,,MUTUALFUND,no_sector_in_info
SID,Basic Materials,Steel,EQUITY,yfinance_info
SIEGN,,,,no_sector_in_info
SIG,Consumer Cyclical,Luxury Goods,EQUITY,yfinance_info
SII,Financial Services,Asset Management,EQUITY,yfinance_info
SIVB,,,NONE,no_sector_in_info
SJM,Consumer Defensive,Packaged Foods,EQUITY,yfinance_info
SKM,Communication Services,Telecom Services,EQUITY,yfinance_info
SLB,Energy,Oil & Gas Equipment & Services,EQUITY,yfinance_info
SLG,Real Estate,REIT - Office,EQUITY,yfinance_info
SLXP,,,MUTUALFUND,no_sector_in_info
SMCI,Technology,Computer Hardware,EQUITY,yfinance_info
SMS,,,MUTUALFUND,no_sector_in_info
SN,Consumer Cyclical,"Furnishings, Fixtures & Appliances",EQUITY,yfinance_info
SNA,Industrials,Tools & Accessories,EQUITY,yfinance_info
SNBR,Consumer Cyclical,"Furnishings, Fixtures & Appliances",EQUITY,yfinance_info
SNDK,Technology,Computer Hardware,EQUITY,yfinance_info
SNOW,Technology,Software - Application,EQUITY,yfinance_info
SNP,,,NONE,no_sector_in_info
SNPS,Technology,Software - Infrastructure,EQUITY,yfinance_info
SNY,Healthcare,Drug Manufacturers - General,EQUITY,yfinance_info
SO,Utilities,Utilities - Regulated Electric,EQUITY,yfinance_info
SOLN,,,NONE,no_sector_in_info
SOTR,,,MUTUALFUND,no_sector_in_info
SPG,Real Estate,REIT - Retail,EQUITY,yfinance_info
SPGI,Financial Services,Financial Data & Stock Exchanges,EQUITY,yfinance_info
SPLS,,,ETF,no_sector_in_info
SPOT,Communication Services,Internet Content & Information,EQUITY,yfinance_info
SQ,,,NONE,no_sector_in_info
SRCL,,,,no_sector_in_info
SRE,Utilities,Utilities - Diversified,EQUITY,yfinance_info
SRZ,,,MUTUALFUND,no_sector_in_info
SSCC,Technology,Information Technology Services,EQUITY,yfinance_info
SSE,,,MUTUALFUND,no_sector_in_info
SSFT,,,NONE,no_sector_in_info
SSL,Basic Materials,Specialty Chemicals,EQUITY,yfinance_info
SSNHY,,,MUTUALFUND,no_sector_in_info
SSP,Communication Services,Broadcasting,EQUITY,yfinance_info
STA,,,MUTUALFUND,no_sector_in_info
STE,Healthcare,Medical Devices,EQUITY,yfinance_info
STI,Industrials,Electrical Equipment & Parts,EQUITY,yfinance_info
STJ,,,MUTUALFUND,no_sector_in_info
STLA,Consumer Cyclical,Auto Manufacturers,EQUITY,yfinance_info
STLD,Basic Materials,Steel,EQUITY,yfinance_info
STMP,,,NONE,no_sector_in_info
STR,,,,no_sector_in_info
STRA,Consumer Defensive,Education & Training Services,EQUITY,yfinance_info
STT,Financial Services,Asset Management,EQUITY,yfinance_info
STWD,Real Estate,REIT - Mortgage,EQUITY,yfinance_info
STX,Technology,Computer Hardware,EQUITY,yfinance_info
STZ,Consumer Defensive,Beverages - Brewers,EQUITY,yfinance_info
SU,Energy,Oil & Gas Integrated,EQUITY,yfinance_info
SUN,Energy,Oil & Gas Refining & Marketing,EQUITY,yfinance_info
SUZ,Basic Materials,Paper & Paper Products,EQUITY,yfinance_info
SVU,,,MUTUALFUND,no_sector_in_info
SWK,Industrials,Tools & Accessories,EQUITY,yfinance_info
SWKS,Technology,Semiconductors,EQUITY,yfinance_info
SWN,,,NONE,no_sector_in_info
SWY,,,MUTUALFUND,no_sector_in_info
SXT,Basic Materials,Specialty Chemicals,EQUITY,yfinance_info
SYF,Financial Services,Credit Services,EQUITY,yfinance_info
SYK,Healthcare,Medical Devices,EQUITY,yfinance_info
SYMC,,,NONE,no_sector_in_info
SYT,,,NONE,no_sector_in_info
SYY,Consumer Defensive,Food Distribution,EQUITY,yfinance_info
T,Communication Services,Telecom Services,EQUITY,yfinance_info
TAL,Consumer Defensive,Education & Training Services,EQUITY,yfinance_info
TAP,Consumer Defensive,Beverages - Brewers,EQUITY,yfinance_info
TASR,,,MUTUALFUND,no_sector_in_info
TATE,,,,no_sector_in_info
TBL,,,MUTUALFUND,no_sector_in_info
TCEHY,Communication Services,Internet Content & Information,EQUITY,yfinance_info
TCK,,,MUTUALFUND,no_sector_in_info
TD,Financial Services,Banks - Diversified,EQUITY,yfinance_info
TDC,Technology,Software - Infrastructure,EQUITY,yfinance_info
TDS,Communication Services,Telecom Services,EQUITY,yfinance_info
TDSC,,,ETF,no_sector_in_info
TDW,Energy,Oil & Gas Equipment & Services,EQUITY,yfinance_info
TE,Industrials,Electrical Equipment & Parts,EQUITY,yfinance_info
TEF,,,,no_sector_in_info
TEL,Technology,Electronic Components,EQUITY,yfinance_info
TER,Technology,Semiconductor Equipment & Materials,EQUITY,yfinance_info
TEVA,Healthcare,Drug Manufacturers - Specialty & Generic,EQUITY,yfinance_info
TFC,Financial Services,Banks - Regional,EQUITY,yfinance_info
TFX,Healthcare,Medical Instruments & Supplies,EQUITY,yfinance_info
TGI,,,,no_sector_in_info
TGT,Consumer Defensive,Discount Stores,EQUITY,yfinance_info
THC,Healthcare,Medical Care Facilities,EQUITY,yfinance_info
THO,Consumer Cyclical,Recreational Vehicles,EQUITY,yfinance_info
THOR,,,NONE,no_sector_in_info
THRM,Consumer Cyclical,Auto Parts,EQUITY,yfinance_info
TIF,,,NONE,no_sector_in_info
TISI,Industrials,Specialty Business Services,EQUITY,yfinance_info
TJX,Consumer Cyclical,Apparel Retail,EQUITY,yfinance_info
TKR,Industrials,Tools & Accessories,EQUITY,yfinance_info
TLAB,,,MUTUALFUND,no_sector_in_info
TLLP,,,MUTUALFUND,no_sector_in_info
TLN,Utilities,Utilities - Independent Power Producers,EQUITY,yfinance_info
TM,Consumer Cyclical,Auto Manufacturers,EQUITY,yfinance_info
TMO,Healthcare,Diagnostics & Research,EQUITY,yfinance_info
TMUS,Communication Services,Telecom Services,EQUITY,yfinance_info
TOA,,,MUTUALFUND,no_sector_in_info
TOL,Consumer Cyclical,Residential Construction,EQUITY,yfinance_info
TOT,,,EQUITY,no_sector_in_info
TOTF,,,,no_sector_in_info
TPL,Energy,Oil & Gas E&P,EQUITY,yfinance_info
TPR,Consumer Cyclical,Luxury Goods,EQUITY,yfinance_info
TRA,,,MUTUALFUND,no_sector_in_info
TRB,,,MUTUALFUND,no_sector_in_info
TRGP,Energy,Oil & Gas Midstream,EQUITY,yfinance_info
TRI,Industrials,Specialty Business Services,EQUITY,yfinance_info
TRMB,Technology,Scientific & Technical Instruments,EQUITY,yfinance_info
TRN,Industrials,Railroads,EQUITY,yfinance_info
TROW,Financial Services,Asset Management,EQUITY,yfinance_info
TRP,Energy,Oil & Gas Midstream,EQUITY,yfinance_info
TRQ,,,NONE,no_sector_in_info
TRTN,,,NONE,no_sector_in_info
TRV,Financial Services,Insurance - Property & Casualty,EQUITY,yfinance_info
TRW,,,MUTUALFUND,no_sector_in_info
TSCO,Consumer Cyclical,Specialty Retail,EQUITY,yfinance_info
TSLA,Consumer Cyclical,Auto Manufacturers,EQUITY,yfinance_info
TSM,Technology,Semiconductors,EQUITY,yfinance_info
TSO,,,MUTUALFUND,no_sector_in_info
TT,Industrials,Building Products & Equipment,EQUITY,yfinance_info
TTC,Industrials,Tools & Accessories,EQUITY,yfinance_info
TTD,Communication Services,Advertising Agencies,EQUITY,yfinance_info
TTEF,,,,no_sector_in_info
TTM,,,NONE,no_sector_in_info
TTWO,Communication Services,Electronic Gaming & Multimedia,EQUITY,yfinance_info
TUP,,,NONE,no_sector_in_info
TWC,,,MUTUALFUND,no_sector_in_info
TWLO,Technology,Software - Infrastructure,EQUITY,yfinance_info
TWO,Real Estate,REIT - Mortgage,EQUITY,yfinance_info
TWOU,,,,no_sector_in_info
TWTR,,,NONE,no_sector_in_info
TWX,,,MUTUALFUND,no_sector_in_info
TXN,Technology,Semiconductors,EQUITY,yfinance_info
TXU,,,MUTUALFUND,no_sector_in_info
TYC,,,MUTUALFUND,no_sector_in_info
UAL,Industrials,Airlines,EQUITY,yfinance_info
UARM,,,MUTUALFUND,no_sector_in_info
UBER,Technology,Software - Application,EQUITY,yfinance_info
UBND,,,ETF,no_sector_in_info
UBNT,,,NONE,no_sector_in_info
UBS,Financial Services,Banks - Diversified,EQUITY,yfinance_info
UDR,Real Estate,REIT - Residential,EQUITY,yfinance_info
UGI,Utilities,Utilities - Regulated Gas,EQUITY,yfinance_info
UHAL,Industrials,Rental & Leasing Services,EQUITY,yfinance_info
UHS,Healthcare,Medical Care Facilities,EQUITY,yfinance_info
UI,Technology,Communication Equipment,EQUITY,yfinance_info
UITB,,,ETF,no_sector_in_info
UL,Consumer Defensive,Household & Personal Products,EQUITY,yfinance_info
ULTA,Consumer Cyclical,Specialty Retail,EQUITY,yfinance_info
UMPQ,,,NONE,no_sector_in_info
UN,,,NONE,no_sector_in_info
UNFI,Consumer Defensive,Food Distribution,EQUITY,yfinance_info
UNH,Healthcare,Healthcare Plans,EQUITY,yfinance_info
UNM,Financial Services,Insurance - Life,EQUITY,yfinance_info
UNP,Industrials,Railroads,EQUITY,yfinance_info
UPL,,,NONE,no_sector_in_info
UPS,Industrials,Integrated Freight & Logistics,EQUITY,yfinance_info
URI,Industrials,Rental & Leasing Services,EQUITY,yfinance_info
USAI,,,ETF,no_sector_in_info
USB,Financial Services,Banks - Regional,EQUITY,yfinance_info
USDF,,,NONE,no_sector_in_info
USG,,,ETF,no_sector_in_info
UST,,,ETF,no_sector_in_info
USTB,,,ETF,no_sector_in_info
UTHR,Healthcare,Drug Manufacturers - Specialty & Generic,EQUITY,yfinance_info
UTX,,,NONE,no_sector_in_info
V,Financial Services,Credit Services,EQUITY,yfinance_info
VAL,Energy,Oil & Gas Drilling,EQUITY,yfinance_info
VALE,Basic Materials,Other Industrial Metals & Mining,EQUITY,yfinance_info
VALEP,,,EQUITY,no_sector_in_info
VAR,,,NONE,no_sector_in_info
VE,,,MUTUALFUND,no_sector_in_info
VECO,Technology,Semiconductor Equipment & Materials,EQUITY,yfinance_info
VEEV,Healthcare,Health Information Services,EQUITY,yfinance_info
VFC,Consumer Cyclical,Apparel Manufacturing,EQUITY,yfinance_info
VIA,Technology,Software - Application,EQUITY,yfinance_info
VIAB,,,NONE,no_sector_in_info
VICI,Real Estate,REIT - Diversified,EQUITY,yfinance_info
VIRT,Financial Services,Capital Markets,EQUITY,yfinance_info
VLO,Energy,Oil & Gas Refining & Marketing,EQUITY,yfinance_info
VLTO,Industrials,Pollution & Treatment Controls,EQUITY,yfinance_info
VMC,Basic Materials,Building Materials,EQUITY,yfinance_info
VMW,,,NONE,no_sector_in_info
VOD,Communication Services,Telecom Services,EQUITY,yfinance_info
VOYA,Financial Services,Financial Conglomerates,EQUITY,yfinance_info
VRSN,Technology,Software - Infrastructure,EQUITY,yfinance_info
VRTX,Healthcare,Biotechnology,EQUITY,yfinance_info
VRUS,Consumer Defensive,Food Distribution,EQUITY,yfinance_info
VRX,,,MUTUALFUND,no_sector_in_info
VST,Utilities,Utilities - Independent Power Producers,EQUITY,yfinance_info
VTRS,Healthcare,Drug Manufacturers - Specialty & Generic,EQUITY,yfinance_info
VWDRY,Industrials,Specialty Industrial Machinery,EQUITY,yfinance_info
VWR,,,MUTUALFUND,no_sector_in_info
VZ,Communication Services,Telecom Services,EQUITY,yfinance_info
W,Consumer Cyclical,Internet Retail,EQUITY,yfinance_info
WAB,Industrials,Railroads,EQUITY,yfinance_info
WAG,,,MUTUALFUND,no_sector_in_info
WAT,Healthcare,Diagnostics & Research,EQUITY,yfinance_info
WB,Communication Services,Internet Content & Information,EQUITY,yfinance_info
WBA,,,,no_sector_in_info
WBC,,,NONE,no_sector_in_info
WBS,Financial Services,Banks - Regional,EQUITY,yfinance_info
WBST,,,MUTUALFUND,no_sector_in_info
WDAY,Technology,Software - Application,EQUITY,yfinance_info
WDC,Technology,Computer Hardware,EQUITY,yfinance_info
WDIG,,,ETF,no_sector_in_info
WEC,Utilities,Utilities - Regulated Electric,EQUITY,yfinance_info
WEX,Technology,Software - Infrastructure,EQUITY,yfinance_info
WFC,Financial Services,Banks - Diversified,EQUITY,yfinance_info
WFM,,,MUTUALFUND,no_sector_in_info
WFMI,,,MUTUALFUND,no_sector_in_info
WFT,,,NONE,no_sector_in_info
WGO,Consumer Cyclical,Recreational Vehicles,EQUITY,yfinance_info
WHR,Consumer Cyclical,"Furnishings, Fixtures & Appliances",EQUITY,yfinance_info
WIN,,,NONE,no_sector_in_info
WLL,,,NONE,no_sector_in_info
WLP,,,MUTUALFUND,no_sector_in_info
WM,Industrials,Waste Management,EQUITY,yfinance_info
WMB,Energy,Oil & Gas Midstream,EQUITY,yfinance_info
WMI,,,MUTUALFUND,no_sector_in_info
WMT,Consumer Defensive,Discount Stores,EQUITY,yfinance_info
WPI,,,MUTUALFUND,no_sector_in_info
WPPGY,,,MUTUALFUND,no_sector_in_info
WPX,,,NONE,no_sector_in_info
WR,,,ETF,no_sector_in_info
WRB,Financial Services,Insurance - Property & Casualty,EQUITY,yfinance_info
WSM,Consumer Cyclical,Specialty Retail,EQUITY,yfinance_info
WTI,Energy,Oil & Gas E&P,EQUITY,yfinance_info
WTW,Financial Services,Insurance Brokers,EQUITY,yfinance_info
WU,Financial Services,Credit Services,EQUITY,yfinance_info
WWAV,,,MUTUALFUND,no_sector_in_info
WWY,,,MUTUALFUND,no_sector_in_info
WWYWB,,,MUTUALFUND,no_sector_in_info
WY,Real Estate,REIT - Specialty,EQUITY,yfinance_info
WYE,,,MUTUALFUND,no_sector_in_info
WYNN,Consumer Cyclical,Resorts & Casinos,EQUITY,yfinance_info
X,,,NONE,no_sector_in_info
XEC,,,NONE,no_sector_in_info
XEL,Utilities,Utilities - Regulated Electric,EQUITY,yfinance_info
XL,,,NONE,no_sector_in_info
XLNX,,,NONE,no_sector_in_info
XMSR,,,MUTUALFUND,no_sector_in_info
XOM,Energy,Oil & Gas Integrated,EQUITY,yfinance_info
XRAY,Healthcare,Medical Instruments & Supplies,EQUITY,yfinance_info
XRX,Industrials,Business Equipment & Supplies,EQUITY,yfinance_info
XTO,,,MUTUALFUND,no_sector_in_info
Y,,,NONE,no_sector_in_info
YHOO,,,,no_sector_in_info
YUM,Consumer Cyclical,Restaurants,EQUITY,yfinance_info
Z,Communication Services,Internet Content & Information,EQUITY,yfinance_info
ZBH,Healthcare,Medical Devices,EQUITY,yfinance_info
ZBRA,Technology,Communication Equipment,EQUITY,yfinance_info
ZI,,,NONE,no_sector_in_info
ZION,Financial Services,Banks - Regional,EQUITY,yfinance_info
ZMH,,,MUTUALFUND,no_sector_in_info
ZTS,Healthcare,Drug Manufacturers - Specialty & Generic,EQUITY,yfinance_info
ZURN,,,,no_sector_in_info
